{
  "results_by_method": {
    "federated_iid": {
      "engine_wiring": {
        "classification": {
          "auc_roc": {
            "blue_hoop": 0.5017543859649123,
            "cardboard": 0.5017543859649123,
            "fastening": 0.5017543859649123,
            "mean": 0.5017543859649123,
            "multiple": 0.5017543859649123,
            "obstruction": 0.5017543859649123
          }
        },
        "localization": {
          "auc_spro": {
            "0.01": 0.06922404196483249,
            "0.05": 0.2036391194379473,
            "0.1": 0.3202819424673549,
            "0.3": 0.5693929190126505,
            "1.0": 0.840942915810177
          },
          "per_defect_type": {
            "blue_hoop": {
              "0.01": 0.4960744142263174,
              "0.05": 0.8434101277626485,
              "0.1": 0.9217050638813242,
              "0.3": 0.9739016879604414,
              "1.0": 0.9921705063881325
            },
            "cardboard": {
              "0.01": 0.011918762864035424,
              "0.05": 0.04921326194376177,
              "0.1": 0.08514235121814528,
              "0.3": 0.21024765846406931,
              "1.0": 0.5176502678485774
            },
            "fastening": {
              "0.01": 0.021992367396739206,
              "0.05": 0.1358796599112807,
              "0.1": 0.2650256194252396,
              "0.3": 0.5433164017336238,
              "1.0": 0.833323074053243
            },
            "multiple": {
              "0.01": 0.2652484478553381,
              "0.05": 0.4644311303816762,
              "0.1": 0.5335622788103286,
              "0.3": 0.6851816975755882,
              "1.0": 0.888396081206144
            },
            "obstruction": {
              "0.01": 0.27759720642962643,
              "0.05": 0.44923486473031937,
              "0.1": 0.5137697095368964,
              "0.3": 0.6510704255637745,
              "1.0": 0.8648287690782773
            }
          }
        },
        "num_defects": 322,
        "num_images": 607,
        "object_name": "engine_wiring"
      },
      "pipe_clip": {
        "classification": {
          "auc_roc": {
            "mean": 0.5025641025641026,
            "operator": 0.5025641025641026,
            "unclipped": 0.5025641025641026
          }
        },
        "localization": {
          "auc_spro": {
            "0.01": 0.023668367562419253,
            "0.05": 0.20450027404937984,
            "0.1": 0.37391723706148877,
            "0.3": 0.683046036791964,
            "1.0": 0.8986954434868032
          },
          "per_defect_type": {
            "operator": {
              "0.01": 0.02597107364210473,
              "0.05": 0.0643511502348967,
              "0.1": 0.08116292402941112,
              "0.3": 0.12376541126928603,
              "1.0": 0.2854136679260621
            },
            "unclipped": {
              "0.01": 0.02357236853613684,
              "0.05": 0.20525932624409154,
              "0.1": 0.3756912940287982,
              "0.3": 0.6866887259505221,
              "1.0": 0.9029416891737808
            }
          }
        },
        "num_defects": 142,
        "num_images": 337,
        "object_name": "pipe_clip"
      },
      "pipe_staple": {
        "classification": {
          "auc_roc": {
            "mean": 0.5026595744680851,
            "missing": 0.5026595744680851
          }
        },
        "localization": {
          "auc_spro": {
            "0.01": 0.07676494081756284,
            "0.05": 0.2550003264375668,
            "0.1": 0.39171670790824786,
            "0.3": 0.6714928869352809,
            "1.0": 0.8973263049350312
          },
          "per_defect_type": {
            "missing": {
              "0.01": 0.07676494081756284,
              "0.05": 0.2550003264375668,
              "0.1": 0.39171670790824786,
              "0.3": 0.6714928869352809,
              "1.0": 0.8973263049350312
            }
          }
        },
        "num_defects": 117,
        "num_images": 305,
        "object_name": "pipe_staple"
      },
      "tank_screw": {
        "classification": {
          "auc_roc": {
            "mean": 0.4919894074809666,
            "missing": 0.4919894074809666
          }
        },
        "localization": {
          "auc_spro": {
            "0.01": 0.003634392248654268,
            "0.05": 0.11825094259407677,
            "0.1": 0.2473704490727891,
            "0.3": 0.5466870586109518,
            "1.0": 0.8509781434465257
          },
          "per_defect_type": {
            "missing": {
              "0.01": 0.003634392248654268,
              "0.05": 0.11825094259407677,
              "0.1": 0.2473704490727891,
              "0.3": 0.5466870586109518,
              "1.0": 0.8509781434465257
            }
          }
        },
        "num_defects": 95,
        "num_images": 413,
        "object_name": "tank_screw"
      },
      "underbody_pipes": {
        "classification": {
          "auc_roc": {
            "mean": 0.4409247757073844,
            "multiple": 0.2173913043478261,
            "obstruction": 0.39730848861283646,
            "operator": 0.7080745341614907
          }
        },
        "localization": {
          "auc_spro": {
            "0.01": 0.006706757145542871,
            "0.05": 0.09384264014932632,
            "0.1": 0.2126436260031219,
            "0.3": 0.510822220868509,
            "1.0": 0.8247637623943858
          },
          "per_defect_type": {
            "multiple": {
              "0.01": 4.8556173543584785e-06,
              "0.05": 0.026745686934023887,
              "0.1": 0.11950280749615129,
              "0.3": 0.34971301561478874,
              "1.0": 0.6232064524628308
            },
            "obstruction": {
              "0.01": 0.006802361019438225,
              "0.05": 0.09600594305952893,
              "0.1": 0.21698533432736536,
              "0.3": 0.5198567245076102,
              "1.0": 0.8335162127826408
            },
            "operator": {
              "0.01": 0.0087437902774244,
              "0.05": 0.053499314081302304,
              "0.1": 0.08763738527070371,
              "0.3": 0.1809632502820645,
              "1.0": 0.49604780009295635
            }
          }
        },
        "num_defects": 184,
        "num_images": 345,
        "object_name": "underbody_pipes"
      },
      "underbody_screw": {
        "classification": {
          "auc_roc": {
            "mean": 0.533868092691622,
            "missing": 0.533868092691622
          }
        },
        "localization": {
          "auc_spro": {
            "0.01": 0.06563697819427988,
            "0.05": 0.13090573946928066,
            "0.1": 0.2525265838500239,
            "0.3": 0.67207077290156,
            "1.0": 0.901308673559496
          },
          "per_defect_type": {
            "missing": {
              "0.01": 0.06563697819427988,
              "0.05": 0.13090573946928066,
              "0.1": 0.2525265838500239,
              "0.3": 0.67207077290156,
              "1.0": 0.901308673559496
            }
          }
        },
        "num_defects": 18,
        "num_images": 392,
        "object_name": "underbody_screw"
      }
    }
  },
  "statistical_analysis": {
    "fpr_limit": 0.05,
    "descriptive": {
      "federated_iid": {
        "mean": 0.16768984035626297,
        "std": 0.05703969866582499,
        "min": 0.09384264014932632,
        "max": 0.2550003264375668,
        "median": 0.16727242945361398,
        "n": 6
      }
    },
    "comparisons": {}
  },
  "fpr_limit": 0.05
}