{
  "fpr_limit": 0.05,
  "descriptive": {
    "federated_iid": {
      "mean": 0.16768984035626297,
      "std": 0.05703969866582499,
      "min": 0.09384264014932632,
      "max": 0.2550003264375668,
      "median": 0.16727242945361398,
      "n": 6
    }
  },
  "comparisons": {}
}